score_phrase,title,platform,score,genre,release_year,release_month,release_day
Good,#IDARB,Xbox One,7.5,Party,2015,1,14
Great,1001 Spikes,Wii U,8,Platformer,2014,6,8
Great,1001 Spikes,PlayStation 4,8,Platformer,2014,6,8
Great,1001 Spikes,PC,8,Platformer,2014,6,8
Great,1001 Spikes,Nintendo 3DS,8,Platformer,2014,6,8
Great,1001 Spikes,PlayStation Vita,8,Platformer,2014,6,8
Great,1979 Revolution,PC,8,"Action, Adventure",2016,4,21
Good,2014 FIFA World Cup Brazil,PlayStation 3,7.5,Sports,2014,4,17
Good,2014 FIFA World Cup Brazil,Xbox 360,7.5,Sports,2014,4,17
Bad,7 Days to Die,Xbox One,4.9,"Shooter, Adventure",2016,7,13
Amazing,80 Days,iPhone,9,Adventure,2014,12,4
Great,A Bird Story,PC,8.8,RPG,2014,11,26
Okay,Aaru's Awakening,PC,6.7,Platformer,2015,3,3
Okay,Abyss Odyssey,Xbox 360,6.7,Action,2014,7,24
Okay,Abyss Odyssey,PC,6.7,Action,2014,7,24
Okay,Abyss Odyssey,PlayStation 3,6.7,Action,2014,7,24
Great,Abzu,PlayStation 4,8.4,Adventure,2016,8,2
Okay,Adr1ft,PC,6,Adventure,2016,3,28
Good,Adr1ft [VR Edition],PC,7,Adventure,2016,3,28
Good,Age of Wonders III,PC,7.1,Strategy,2014,4,2
Mediocre,AirMech Arena,Xbox 360,5.5,"Action, Simulation",2014,8,21
Awful,Alekhine's Gun,PC,3,Action,2016,3,11
Mediocre,Alien: Isolation,PC,5.9,Action,2014,10,3
Mediocre,Alien: Isolation,PlayStation 4,5.9,Action,2014,10,3
Mediocre,Alien: Isolation,Xbox One,5.9,Action,2014,10,3
Good,Among the Sleep,PC,7.3,Adventure,2014,6,5
Good,Amplitude,PlayStation 4,7,"Music, Action",2016,1,8
Okay,Ancient Space,PC,6.6,Strategy,2014,10,2
Okay,Angry Birds 2,iPhone,6.7,Puzzle,2015,8,6
Mediocre,Animal Crossing: Amiibo Festival,Wii U,5,Party,2015,11,18
Great,Animal Crossing: Happy Home Designer,Nintendo 3DS,8,Simulation,2015,9,22
Good,Anno 2205,PC,7,Simulation,2015,11,4
Bad,Another World: 20th Anniversary Edition,PlayStation Vita,4,Adventure,2014,7,11
Bad,Another World: 20th Anniversary Edition,PlayStation 3,4,Adventure,2014,7,11
Bad,Another World: 20th Anniversary Edition,PlayStation 4,4,Adventure,2014,7,11
Okay,Apotheon,PC,6.9,"Action, RPG",2015,2,5
Mediocre,Armello,PC,5.6,Board,2015,9,9
Good,Ashes of Singularity,PC,7.7,Strategy,2016,3,31
Okay,Assassin’s Creed Rogue,PlayStation 3,6.8,Action,2014,11,15
Okay,Assassin’s Creed Rogue,Xbox 360,6.8,Action,2014,11,15
Okay,Assassin's Creed Chronicles: China,PlayStation 4,6.4,Platformer,2015,4,21
Okay,Assassin's Creed Chronicles: China,Xbox One,6.4,Platformer,2015,4,21
Okay,Assassin's Creed Chronicles: India,Xbox One,6,Platformer,2016,1,13
Mediocre,Assassin's Creed Chronicles: Russia,Xbox One,5.8,Platformer,2016,2,9
Mediocre,Assassin's Creed Liberation HD,Xbox 360,5.2,Action,2014,1,18
Mediocre,Assassin's Creed Liberation HD,PC,5.2,Action,2014,1,18
Mediocre,Assassin's Creed Liberation HD,PlayStation 3,5.2,Action,2014,1,18
Great,Assassin's Creed Syndicate,PlayStation 4,8.2,Action,2015,10,22
Great,Assassin's Creed Syndicate,Xbox One,8.2,Action,2015,10,22
Good,Assassin's Creed Unity,PC,7.8,"Action, Adventure",2014,11,11
Good,Assassin's Creed Unity,PlayStation 4,7.8,"Action, Adventure",2014,11,11
Good,Assassin's Creed Unity,Xbox One,7.8,"Action, Adventure",2014,11,11
Good,Assassin's Creed Unity -- Dead Kings,Xbox One,7.8,"Action, Adventure",2015,1,13
Great,Assault Android Cactus,PC,8.8,Shooter,2015,9,28
Okay,Assetto Corsa,PlayStation 4,6,Racing,2016,8,31
Okay,Assetto Corsa,Xbox One,6,Racing,2016,8,31
Good,Atelier Escha & Logy: Alchemist of Dusk Sky,PlayStation 3,7,RPG,2014,3,28
Good,Attack on Titan,PlayStation 4,7.3,Action,2016,8,26
Bad,Attack on Titan: Humanity in Chains,Nintendo 3DS,4.9,Action,2015,5,15
Good,Audiosurf 2,PC,7.5,"Music, Action",2015,5,29
Good,Axiom Verge,PlayStation 4,7.9,Action,2015,3,30
Good,Azure Striker: Gunvolt,Nintendo 3DS,7.8,Action,2014,8,28
Great,BandFuse: Rock Legends,PlayStation 3,8.2,Music,2014,2,20
Great,BandFuse: Rock Legends,Xbox 360,8.2,Music,2014,2,20
Great,Banished,PC,8.3,Simulation,2014,2,21
Awful,Basement Crawl,PlayStation 4,3,Action,2014,3,6
Amazing,Batman: Arkham Knight,PlayStation 4,9.2,Action,2015,6,19
Amazing,Batman: Arkham Knight,Xbox One,9.2,Action,2015,6,19
Okay,Batman: Arkham Knight -- Batgirl: A Matter of Family,Xbox One,6.3,Action,2015,7,14
Okay,Batman: Arkham Knight -- Catwoman's Revenge,PlayStation 4,6,Action,2015,11,30
Good,"Batman: Arkham Origins -- Cold, Cold Heart",PC,7,Action,2014,4,25
Good,Batman: The Telltale Series -- Episode 1: Realm of Shadows,PC,7.5,Adventure,2016,8,2
Great,Batman: The Telltale Series -- Episode 2: Children of Arkham,PC,8,Adventure,2016,9,20
Good,Battle Princess of Arcadias,PlayStation 3,7.6,"Action, RPG",2014,6,30
Good,Battleborn,PC,7.1,Shooter,2016,5,6
Good,Battleborn,PlayStation 4,7.1,Shooter,2016,5,6
Good,Battleborn,Xbox One,7.1,Shooter,2016,5,6
Great,Battlefield Hardline,PlayStation 4,8,Shooter,2015,3,17
Great,Battlefield Hardline,Xbox One,8,Shooter,2015,3,17
Good,Battlefleet Gothic: Armada,PC,7.1,Strategy,2016,4,22
Amazing,Bayonetta 2,Wii U,9.5,Action,2014,10,13
Mediocre,Betrayer,PC,5,"Action, Adventure",2014,4,3
Mediocre,Beyond Eyes,PlayStation 4,5.5,Adventure,2015,8,7
Mediocre,Beyond Eyes,Xbox One,5.5,Adventure,2015,8,7
Mediocre,Beyond Eyes,PC,5.5,Adventure,2015,8,7
Okay,BioShock,iPhone,6.7,Shooter,2014,8,29
Great,Bioshock Infinite: Burial at Sea -- Episode Two,PC,8.8,Shooter,2014,3,25
Great,BioShock: The Collection,PlayStation 4,8.2,Shooter,2016,9,14
Great,BioShock: The Collection,Xbox One,8.2,Shooter,2016,9,14
Good,Blackguards,PC,7.8,RPG,2014,1,30
Good,Blackguards 2,PC,7.8,RPG,2015,1,16
Great,BlazBlue: Chrono Phantasma,PlayStation 3,8.5,Fighting,2014,3,27
Great,BlazBlue: Chrono Phantasma,PlayStation Vita,8.5,Fighting,2014,3,27
Good,Blood Bowl II,PC,7.8,Sports,2015,9,23
Amazing,Bloodborne,PlayStation 4,9.1,Action,2015,3,24
Great,Bloodborne: The Old Hunters,PlayStation 4,8,Action,2015,11,23
Awful,Blue Estate,PlayStation 4,3,Shooter,2014,7,1
Okay,Bombshell,PC,6.9,Action,2016,1,29
Good,Boom Beach,iPhone,7,,2014,4,16
Mediocre,Borderlands 2,PlayStation Vita,5.4,"Shooter, RPG",2014,5,12
Mediocre,Borderlands 2: Mad Moxxi and the Wedding Day Massacre,Xbox 360,5.7,"Shooter, RPG",2014,2,11
Great,Borderlands: The Handsome Collection,Xbox One,8.4,Shooter,2015,3,24
Great,Borderlands: The Handsome Collection,PlayStation 4,8.4,Shooter,2015,3,24
Great,Borderlands: The Pre-Sequel,Xbox 360,8,"Shooter, RPG",2014,10,13
Great,Borderlands: The Pre-Sequel,PC,8,"Shooter, RPG",2014,10,13
Great,Borderlands: The Pre-Sequel,PlayStation 3,8,"Shooter, RPG",2014,10,13
Great,Borderlands: The Pre-Sequel -- Claptastic Voyage,PC,8.4,"Shooter, RPG",2015,3,20
Good,Bound by Flame,PC,7,"Action, RPG",2014,5,12
Good,Bound by Flame,PlayStation 4,7,"Action, RPG",2014,5,12
Good,BoxBoxBoy!,Nintendo 3DS,7.8,Puzzle,2016,7,6
Great,BoxBoy!,Nintendo 3DS,8.2,"Puzzle, Platformer",2015,5,5
Good,Bravely Second: End Layer,Nintendo 3DS,7.1,RPG,2016,3,1
Great,Broforce,PC,8.8,Action,2015,10,20
Amazing,Broken Age: Act 1,iPhone,9.5,Adventure,2014,1,16
Amazing,Broken Age: Act 1,PC,9.5,Adventure,2014,1,16
Amazing,Broken Age: Act 2,PC,9,Adventure,2015,4,27
Amazing,Broken Age: Act 2,iPhone,9,Adventure,2015,4,27
Amazing,Call of Duty: Advanced Warfare,Xbox One,9.1,Shooter,2014,11,3
Amazing,Call of Duty: Advanced Warfare,Xbox 360,9.1,Shooter,2014,11,3
Amazing,Call of Duty: Advanced Warfare,PlayStation 3,9.1,Shooter,2014,11,3
Amazing,Call of Duty: Advanced Warfare,PC,9.1,Shooter,2014,11,3
Amazing,Call of Duty: Advanced Warfare,PlayStation 4,9.1,Shooter,2014,11,3
Good,Call of Duty: Black Ops III,PlayStation 3,7,Shooter,2015,11,12
Amazing,Call of Duty: Black Ops III,Xbox One,9.2,Shooter,2015,11,6
Amazing,Call of Duty: Black Ops III,PlayStation 4,9.2,Shooter,2015,11,6
Good,Call of Duty: Black Ops III,Xbox 360,7,Shooter,2015,11,12
Great,Captain Toad: Treasure Tracker,Wii U,8.2,Puzzle,2014,12,1
Mediocre,Carmageddon: Max Damage,PlayStation 4,5.4,"Racing, Action",2016,7,13
Okay,Castlevania: Lords of Shadow 2,Xbox 360,6.5,Action,2014,2,25
Okay,Castlevania: Lords of Shadow 2,PC,6.5,Action,2014,2,25
Okay,Castlevania: Lords of Shadow 2,PlayStation 3,6.5,Action,2014,2,25
Mediocre,Chaos Heroes Online,PC,5.6,Action,2015,2,4
Mediocre,Chibi-Robo!: Zip Lash,Nintendo 3DS,5,Platformer,2015,10,10
Amazing,Child of Light,PlayStation 3,9.3,RPG,2014,4,29
Amazing,Child of Light,Wii U,9.3,RPG,2014,4,29
Amazing,Child of Light,PlayStation 4,9.3,RPG,2014,4,29
Amazing,Child of Light,Xbox One,9.3,RPG,2014,4,29
Amazing,Child of Light,PC,9.3,RPG,2014,4,29
Amazing,Child of Light,Xbox 360,9.3,RPG,2014,4,29
Amazing,Child of Light,PlayStation Vita,9.3,RPG,2014,4,29
Great,Chronos,PC,8,RPG,2016,4,14
Great,Cities: Skylines,PC,8.5,Simulation,2015,3,10
Okay,Cities: Skylines -- After Dark,PC,6.5,Simulation,2015,10,5
Okay,Citizens of Earth,PC,6.5,RPG,2015,1,23
Okay,Citizens of Earth,PlayStation 4,6.5,RPG,2015,1,23
Bad,Cobalt,Xbox One,4.5,Platformer,2016,2,9
Good,Code Name S.T.E.A.M. -- Strike Team Eliminating the Alien Menace,Nintendo 3DS,7.9,Strategy,2015,3,11
Great,Company of Heroes 2: Ardennes Assault,PC,8.2,Strategy,2014,11,20
Great,Company of Heroes 2: The British Forces,PC,8,Strategy,2015,9,10
Good,Consortium,PC,7.2,Simulation,2014,1,25
Good,Continue?9876543210,PC,7.9,Adventure,2014,1,15
Good,Costume Quest 2,PC,7.6,RPG,2014,10,7
Good,Costume Quest 2,Xbox 360,7.8,RPG,2014,10,30
Good,Costume Quest 2,PlayStation 4,7.8,RPG,2014,10,30
Good,Costume Quest 2,Xbox One,7.8,RPG,2014,10,30
Good,Costume Quest 2,PlayStation 3,7.8,RPG,2014,10,30
Good,Counterspy,PlayStation 4,7,Action,2014,8,19
Good,Counterspy,PlayStation 3,7,Action,2014,8,19
Good,Counterspy,PlayStation Vita,7,Action,2014,8,19
Okay,Craft the World,PC,6.2,Strategy,2015,1,10
Good,Crimsonland,PlayStation 4,7.5,Shooter,2014,7,17
Great,Crypt of the Necrodancer,PC,8.8,"Music, Adventure",2015,4,21
Good,D4,Xbox One,7,Adventure,2014,9,23
Good,Dance Central Spotlight,Xbox One,7.4,Music,2014,9,24
Okay,Dangerous Golf,PC,6,"Sports, Action",2016,6,3
Amazing,Dark Souls II,PlayStation 3,9,"Action, RPG",2014,3,11
Amazing,Dark Souls II,Xbox 360,9,"Action, RPG",2014,3,11
Amazing,Dark Souls II,PC,9,"Action, RPG",2014,3,11
Great,Dark Souls II: Crown of the Old Iron King,PlayStation 3,8,"Action, RPG",2014,8,26
Great,Dark Souls II: Crown of the Sunken King,PC,8,"Action, RPG",2014,7,22
Amazing,Dark Souls III,PlayStation 4,9.5,"Action, RPG",2016,4,4
Amazing,Dark Souls III,PC,9.5,"Action, RPG",2016,4,4
Amazing,Darkest Dungeon,PlayStation 4,9.1,RPG,2016,1,27
Amazing,Darkest Dungeon,PC,9.1,RPG,2016,1,27
Good,Darksiders II: Deathinitive Edition,Xbox One,7.5,Action,2015,11,3
Good,Darksiders II: Deathinitive Edition,PlayStation 4,7.5,Action,2015,11,3
Great,Day of the Tentacle: Remastered,PC,8.8,Adventure,2016,3,21
Mediocre,Daylight,PC,5.8,Adventure,2014,4,29
Mediocre,Daylight,PlayStation 4,5.8,Adventure,2014,4,29
Good,Dead Island: Definitive Collection,Xbox One,7,Action,2016,6,2
Good,Dead Island: Definitive Collection,PlayStation 4,7,Action,2016,6,2
Great,Dead Nation: Apocalypse Edition,PlayStation 4,8,Shooter,2014,4,4
Good,Dead or Alive 5: Last Round,PlayStation 4,7,Fighting,2015,2,24
Good,Dead or Alive 5: Last Round,Xbox One,7,Fighting,2015,2,24
Great,Dead Rising 3,PC,8.3,Action,2014,9,4
Okay,Dead Rising Triple Pack,Xbox One,6.5,"Action, Adventure",2016,9,14
Okay,Dead Rising Triple Pack,PlayStation 4,6.5,"Action, Adventure",2016,9,14
Good,Dead Star,PlayStation 4,7.1,Strategy,2016,4,9
Good,Dead Star,PC,7.1,Strategy,2016,4,9
Okay,Dead State,PC,6.8,RPG,2014,12,18
Great,Defense Grid 2,Xbox One,8,"Strategy, RPG",2014,10,14
Great,Defense Grid 2,PC,8,"Strategy, RPG",2014,10,14
Good,Depth,PC,7.7,Action,2014,11,12
Good,Destiny,Xbox One,7.8,Shooter,2014,9,3
Good,Destiny,PlayStation 4,7.8,Shooter,2014,9,3
Good,Destiny,Xbox 360,7.8,Shooter,2014,9,3
Good,Destiny,PlayStation 3,7.8,Shooter,2014,9,3
Good,Destiny: House of Wolves,PlayStation 4,7.5,Shooter,2015,5,28
Good,Destiny: House of Wolves,Xbox One,7.5,Shooter,2015,5,28
Okay,Destiny: The Dark Below,Xbox One,6,Shooter,2014,12,18
Okay,Destiny: The Dark Below,PlayStation 4,6,Shooter,2014,12,18
Amazing,Destiny: The Taken King,Xbox One,9,Shooter,2015,9,16
Amazing,Destiny: The Taken King,PlayStation 4,9,Shooter,2015,9,16
Amazing,Deus Ex: Mankind Divided,PC,9.2,"Action, RPG",2016,8,19
Amazing,Deus Ex: Mankind Divided,PlayStation 4,9.2,"Action, RPG",2016,8,19
Amazing,Deus Ex: Mankind Divided,Xbox One,9.2,"Action, RPG",2016,8,19
Awful,Deus Ex: The Fall,PC,3,Shooter,2014,3,24
Great,Devil Daggers,PC,8.5,Shooter,2016,2,27
Good,Devil May Cry 4 -- Special Edition,PlayStation 4,7.5,Action,2015,6,23
Good,Devil May Cry 4 -- Special Edition,Xbox One,7.5,Action,2015,6,23
Awful,Devil's Third,Wii U,3.5,Action,2015,8,28
Amazing,Diablo III: Reaper of Souls,PC,9.1,"Action, RPG",2014,3,29
Amazing,Diablo III: Reaper of Souls,Macintosh,9.1,"Action, RPG",2014,3,29
Amazing,Diablo III: Ultimate Evil Edition,Xbox One,9.2,"Action, RPG",2014,8,14
Amazing,Diablo III: Ultimate Evil Edition,PlayStation 4,9.2,"Action, RPG",2014,8,14
Great,Dirt Rally,PlayStation 4,8.9,Racing,2015,12,22
Great,Dirt Rally,PC,8.9,Racing,2015,12,22
Great,Disgaea 5: Alliance of Vengeance,PlayStation 4,8.7,"Strategy, RPG",2015,10,6
Great,Dishonored: Definitive Edition,Xbox One,8,Action,2015,8,28
Great,Dishonored: Definitive Edition,PlayStation 4,8,Action,2015,8,28
Great,Disney Fantasia: Music Evolved,Xbox One,8.6,"Music, Action",2014,10,21
Okay,Disney Infinity: 2.0 Edition -- Marvel Super Heroes,PlayStation 4,6.8,Action,2014,9,19
Okay,Disney Infinity: 2.0 Edition -- Toy Box Starter Pack,PlayStation 4,6.8,Action,2014,9,19
Great,Disney Infinity: 3.0 Edition,PlayStation 4,8.9,Action,2015,8,28
Great,Disney Infinity: 3.0 Edition,Xbox One,8.9,Action,2015,8,28
Amazing,Divinity: Original Sin,PC,9,RPG,2014,7,15
Amazing,Divinity: Original Sin -- Enhanced Edition,Xbox One,9,RPG,2015,10,27
Amazing,Divinity: Original Sin -- Enhanced Edition,PlayStation 4,9,RPG,2015,10,27
Great,DmC: Devil May Cry -- Definitive Edition,Xbox One,8.9,Action,2015,3,10
Great,DmC: Devil May Cry -- Definitive Edition,PlayStation 4,8.9,Action,2015,3,10
Okay,Don Bradman Cricket,Xbox 360,6.8,"Sports, Simulation",2014,4,7
Great,Don Bradman Cricket,PC,8,"Sports, Simulation",2014,7,3
Okay,Don Bradman Cricket 14,PlayStation 3,6.8,"Sports, Simulation",2014,4,7
Amazing,Donkey Kong Country: Tropical Freeze,Wii U,9,"Platformer, Action",2014,2,17
Good,Don't Starve,PC,7.5,Adventure,2014,1,14
Good,Don't Starve,PlayStation 4,7.5,Adventure,2014,1,14
Good,Doom,PC,7.1,Shooter,2016,5,16
Good,Dr. Luigi,Wii U,7.5,Puzzle,2014,1,10
Great,Dragon Age: Inquisition,Xbox One,8.8,RPG,2014,11,11
Great,Dragon Age: Inquisition,PlayStation 4,8.8,RPG,2014,11,11
Great,Dragon Age: Inquisition,PC,8.8,RPG,2014,11,11
Good,Dragon Age: Inquisition -- Jaws of Hakkon,Xbox One,7.5,RPG,2015,3,26
Okay,Dragon Age: Inquisition -- The Descent,PlayStation 4,6.3,RPG,2015,8,14
Good,Dragon Age: Inquisition -- Trespasser,PlayStation 4,7,RPG,2015,9,10
Good,Dragon Age: Inquisition -- Trespasser,Xbox One,7,RPG,2015,9,10
Good,Dragon Age: Inquisition -- Trespasser,PC,7,RPG,2015,9,10
Okay,Dragon Ball Xenoverse,Xbox One,6.7,Fighting,2015,3,5
Okay,Dragon Ball Z: Battle of Z,PlayStation 3,6.6,Fighting,2014,2,5
Okay,Dragon Ball Z: Battle of Z,Xbox 360,6.6,Fighting,2014,2,5
Okay,Dragon Ball Z: Battle of Z,PlayStation Vita,6.6,Fighting,2014,2,5
Okay,Dragon Quest Heroes,PlayStation 4,6.2,RPG,2015,10,14
Good,Dragon Quest VII: Fragments of the Forgotten Past,Nintendo 3DS,7.7,RPG,2016,9,13
Bad,Drakengard 3,PlayStation 3,4.8,"Action, RPG",2014,5,20
Bad,Drakengard 3 (Collector's Edition),PlayStation 3,4.8,"Action, RPG",2014,5,20
Okay,Dreamfall Chapters,PC,6.5,Adventure,2014,11,12
Good,Driveclub,PlayStation 4,7.9,Racing,2014,10,7
Great,Dungeon of the Endless,PC,8.1,"Adventure, RPG",2014,11,13
Mediocre,Dungeons 2,PC,5.2,Strategy,2015,4,21
Good,Dustforce,PlayStation 3,7.7,Platformer,2014,2,8
Good,Dustforce,PlayStation Vita,7.7,Platformer,2014,2,8
Great,Dying Light,Xbox One,8.5,Action,2015,1,27
Great,Dying Light,PC,8.5,Action,2015,1,27
Great,Dying Light,PlayStation 4,8.5,Action,2015,1,27
Great,Dying Light: The Following,PC,8.8,Action,2016,2,9
Good,Dynasty Warriors: Gundam Reborn,PlayStation 3,7,Action,2014,7,11
Okay,EA Sports UFC,Xbox One,6.8,Fighting,2014,6,19
Okay,EA Sports UFC,PlayStation 4,6.8,Fighting,2014,6,19
Okay,EA Sports UFC 2,PlayStation 4,6.4,Fighting,2016,3,17
Okay,EA Sports UFC 2,Xbox One,6.4,Fighting,2016,3,17
Okay,Earth Defense Force 2025,PlayStation 3,6.5,Action,2014,2,18
Okay,Earth Defense Force 2025,Xbox 360,6.5,Action,2014,2,18
Okay,Earthbound Beginnings,Wii U,6.5,RPG,2015,7,24
Okay,Edge of Nowhere,PC,6.7,Adventure,2016,6,7
Great,Elder Scrolls Online: Tamriel Unlimited,PlayStation 4,8,RPG,2015,6,10
Great,Elder Scrolls Online: Tamriel Unlimited,Xbox One,8,RPG,2015,6,10
Good,Elite: Dangerous,PC,7.4,Action,2014,12,19
Great,Endless Legend,PC,8.3,Strategy,2014,9,23
Bad,Enemy Front,PC,4.7,Shooter,2014,6,17
Great,Enter the Gungeon,PC,8.5,Shooter,2016,4,5
Great,Enter the Gungeon,PlayStation 4,8.5,Shooter,2016,4,5
Okay,Entwined,PlayStation 4,6,Adventure,2014,6,18
Okay,Escape Dead Island,PC,6.8,Action,2014,11,18
Good,Ether One,PC,7.9,Adventure,2014,4,18
Good,Etrian Odyssey 2 Untold: The Fafnir Knight,Nintendo 3DS,7.3,RPG,2015,8,6
Great,Everybody’s Gone to the Rapture,PlayStation 4,8.5,Adventure,2015,8,10
Amazing,Evolve,PlayStation 4,9,Shooter,2015,2,12
Amazing,Evolve,Xbox One,9,Shooter,2015,2,12
Amazing,Evolve,PC,9,Shooter,2015,2,12
Great,Expand,PC,8,Puzzle,2015,10,2
Mediocre,F1 2015,PlayStation 4,5.8,Racing,2015,7,29
Bad,F1 2015,PC,4.8,Racing,2015,7,17
Great,F1 2016,PC,8.8,Racing,2016,8,24
Great,F1 2016,PlayStation 4,8.8,Racing,2016,8,24
Great,F1 2016,Xbox One,8.8,Racing,2016,8,24
Great,Fable Anniversary,Xbox 360,8,RPG,2014,2,3
Okay,Fahrenheit: Indigo Prophecy Remastered,iPhone,6.2,Adventure,2015,2,12
Okay,Fahrenheit: Indigo Prophecy Remastered,PC,6.2,Adventure,2015,2,12
Good,Fairy Fencer F,PlayStation 3,7.3,RPG,2014,10,4
Amazing,Fallout 4,PC,9.5,RPG,2015,11,9
Amazing,Fallout 4,PlayStation 4,9.5,RPG,2015,11,9
Amazing,Fallout 4,Xbox One,9.5,RPG,2015,11,9
Good,Fallout 4: Automatron,PC,7.5,RPG,2016,3,24
Okay,Fallout 4: Contraptions,PC,6.8,RPG,2016,6,23
Great,Fallout 4: Far Harbor,PC,8.3,RPG,2016,5,21
Good,Fallout 4: Nuka World,PC,7.9,RPG,2016,8,30
Great,Fallout 4: Vault-Tec Workshop,PC,8.2,RPG,2016,7,27
Mediocre,Fallout 4: Wasteland Workshop,PC,5.5,RPG,2016,4,15
Okay,Fallout Shelter,iPhone,6.8,Simulation,2015,6,26
Great,Fantasy Life,Nintendo 3DS,8,RPG,2014,10,23
Great,Far Cry 4,Xbox 360,8.5,Shooter,2014,11,14
Great,Far Cry 4,PC,8.5,Shooter,2014,11,14
Great,Far Cry 4,PlayStation 4,8.5,Shooter,2014,11,14
Great,Far Cry 4,PlayStation 3,8.5,Shooter,2014,11,14
Great,Far Cry 4,Xbox One,8.5,Shooter,2014,11,14
Good,Far Cry 4: Valley of the Yetis,PlayStation 4,7.6,Shooter,2015,3,9
Good,Far Cry Primal,PlayStation 4,7.9,Action,2016,2,22
Great,FAST Racing Neo,Wii U,8,"Racing, Action",2016,1,4
Good,Fatal Frame: Maiden of the Black Water,Wii U,7,Adventure,2015,10,19
Good,Fates Forever,iPad,7.5,RPG,2014,8,5
Okay,Fenix Rage,PC,6,Platformer,2014,9,24
Great,FIFA 15,Xbox One,8.3,Sports,2014,9,23
Great,FIFA 15,PlayStation 4,8.3,Sports,2014,9,23
Good,FIFA 16,Xbox One,7.8,Sports,2015,9,22
Good,FIFA 16,PlayStation 4,7.8,Sports,2015,9,22
Great,FIFA 17,Xbox One,8.4,Sports,2016,9,22
Great,FIFA 17,PlayStation 4,8.4,Sports,2016,9,22
Okay,Final Fantasy Explorers,Nintendo 3DS,6.8,RPG,2016,1,26
Great,Final Fantasy Type-0 HD,Xbox One,8,RPG,2015,3,16
Great,Final Fantasy Type-0 HD,PlayStation 4,8,RPG,2015,3,16
Amazing,Final Fantasy X / X-2 HD Remaster,PlayStation 4,9.3,RPG,2015,5,12
Amazing,Final Fantasy X / X-2 HD Remaster,PlayStation Vita,9.3,RPG,2014,3,10
Amazing,Final Fantasy X / X-2 HD Remaster,PlayStation 3,9.3,RPG,2014,3,10
Amazing,Final Fantasy X / X-2 HD Remaster (Limited Edition),PlayStation 3,9.3,RPG,2014,3,10
Great,Final Fantasy XIV Online: Heavensward,PC,8.6,RPG,2015,6,29
Okay,Final Fantasy: Record Keeper,iPhone,6.2,RPG,2015,4,2
Amazing,Fire Emblem Fates: Birthright,Nintendo 3DS,9.4,"Strategy, RPG",2016,2,17
Amazing,Fire Emblem Fates: Conquest,Nintendo 3DS,9.5,"Strategy, RPG",2016,2,17
Amazing,Fire Emblem Fates: Revelation,Nintendo 3DS,9.5,"Strategy, RPG",2016,2,23
Mediocre,Firefall,PC,5.7,Action,2014,8,12
Amazing,Firewatch,PlayStation 4,9.3,Adventure,2016,2,8
Amazing,Firewatch,PC,9.3,Adventure,2016,2,8
Amazing,Firewatch,Xbox One,9.3,Adventure,2016,2,8
Mediocre,Flappy Bird,Android,5.4,Action,2014,2,8
Mediocre,Flappy Bird,Windows Phone,5.4,Action,2014,2,8
Mediocre,Flappy Bird,iPhone,5.4,Action,2014,2,8
Great,Football Manager 2015,PC,8.9,"Sports, Simulation",2014,11,7
Good,Football Manager Classic 2014,PlayStation Vita,7.5,"Sports, Simulation",2014,4,11
Amazing,Forza Horizon 2,Xbox One,9,Racing,2014,9,25
Okay,Forza Horizon 2 Presents Fast & Furious,Xbox One,6.5,Racing,2015,4,1
Amazing,Forza Horizon 3,Xbox One,9.5,Racing,2016,9,20
Amazing,Forza Motorsport 6,Xbox One,9,Racing,2015,9,8
Great,Freedom Wars,PlayStation Vita,8,Action,2014,11,6
Great,Frozen Cortex,PC,8.1,"Strategy, Simulation",2015,2,26
Great,Frozen Synapse Prime,PlayStation Vita,8.7,Strategy,2014,9,30
Great,Frozen Synapse Prime,PC,8.7,Strategy,2014,11,14
Great,Fru,Xbox One,8.5,Platformer,2016,7,25
Amazing,FTL: Faster Than Light,iPad,9.6,Simulation,2014,4,25
Amazing,FTL: Faster Than Light,PC,9.6,Simulation,2014,4,25
Bad,Funk of Titans,Xbox One,4,Platformer,2015,1,12
Okay,Furi,PC,6.8,Action,2016,7,13
Good,Gabriel Knight: Sins of the Fathers -- 20th Anniversary Edition,PC,7,Adventure,2014,10,24
Great,Galactic Civilizations III,PC,8.6,Strategy,2015,5,14
Great,Galak-Z,PlayStation 4,8.3,Shooter,2015,8,11
Great,Game of Thrones: Episode 1 -- Iron From Ice,PC,8,Adventure,2014,12,2
Great,Game of Thrones: Episode 1 -- Iron From Ice,PlayStation 4,8,Adventure,2014,12,2
Great,Game of Thrones: Episode 1 -- Iron From Ice,Xbox One,8,Adventure,2014,12,2
Good,Game of Thrones: Episode 2 -- The Lost Lords,PC,7,Adventure,2015,2,3
Good,Game of Thrones: Episode 3 -- The Sword in the Darkness,PC,7.7,Adventure,2015,3,24
Great,Game of Thrones: Episode 4 -- Sons of Winter,PC,8.2,Adventure,2015,5,26
Okay,Game of Thrones: Episode 5 -- A Nest Of Vipers,PC,6.5,Adventure,2015,7,21
Okay,Game of Thrones: Episode 6 -- The Ice Dragon,PC,6.7,Adventure,2015,11,17
Good,Gauntlet,PC,7.1,Action,2015,8,20
Good,Gauntlet: Slayer Edition,PlayStation 4,7.1,Action,2015,8,20
Great,Gears of War: Ultimate Edition,Xbox One,8.5,Shooter,2015,8,24
Okay,Gemini: Heroes Reborn,PC,6.4,Adventure,2016,1,20
Bad,Ghostbusters,PC,4.4,Action,2016,7,16
Great,Goat Simulator,PC,8,Action,2014,4,1
Okay,God of War Collection,PlayStation Vita,6.3,Compilation,2014,5,9
Great,God of War III Remastered,PlayStation 4,8.8,Action,2015,7,14
Great,Gods Will Be Watching,PC,8,Adventure,2014,7,25
Bad,Godzilla,PlayStation 4,4.5,Action,2015,7,14
Masterpiece,Grand Theft Auto V,PC,10,"Action, Adventure",2015,4,14
Masterpiece,Grand Theft Auto V,PlayStation 4,10,"Action, Adventure",2014,11,17
Masterpiece,Grand Theft Auto V,Xbox One,10,"Action, Adventure",2014,11,17
Good,Gravity Ghost,PC,7.4,Other,2015,2,5
Good,Grey Goo,PC,7.6,Strategy,2015,1,23
Great,Grid Autosport,Xbox 360,8.3,Racing,2014,6,24
Great,Grid Autosport,PlayStation 3,8.3,Racing,2014,6,24
Great,Grid Autosport,PC,8.3,Racing,2014,6,24
Great,Grim Dawn,PC,8.7,"Action, RPG",2016,3,7
Amazing,Grim Fandango Remastered,PlayStation 4,9.3,Adventure,2015,1,27
Amazing,Grim Fandango Remastered,PC,9.3,Adventure,2015,1,27
Amazing,Grim Fandango Remastered,PlayStation Vita,9.3,Adventure,2015,1,27
Great,Grow Home,PC,8.8,Platformer,2015,2,7
Good,Grow Up,PC,7.8,Platformer,2016,8,18
Amazing,Guacamelee! Super Turbo Championship Edition,Wii U,9.1,"Platformer, Action",2014,7,9
Amazing,Guacamelee! Super Turbo Championship Edition,Xbox One,9.1,"Platformer, Action",2014,7,9
Amazing,Guacamelee! Super Turbo Championship Edition,PlayStation 4,9.1,"Platformer, Action",2014,7,9
Amazing,Guacamelee! Super Turbo Championship Edition,Xbox 360,9.1,"Platformer, Action",2014,7,9
Good,Guild of Dungeoneering,PC,7,RPG,2015,7,28
Good,Guild Wars 2: Heart of Thorns,PC,7.6,RPG,2015,11,7
Great,Guilty Gear Xrd Sign,PlayStation 4,8.5,Fighting,2014,12,16
Great,Guilty Gear Xrd Sign,PlayStation 3,8.5,Fighting,2014,12,16
Good,Guitar Hero Live,Wii U,7.9,Music,2015,10,25
Good,Guitar Hero Live,PlayStation 3,7.9,Music,2015,10,25
Good,Guitar Hero Live,Xbox 360,7.9,Music,2015,10,25
Good,Guitar Hero Live,Xbox One,7.9,Music,2015,10,25
Good,Guitar Hero Live,PlayStation 4,7.9,Music,2015,10,25
Good,Hack 'n' Slash,PC,7.7,RPG,2014,9,22
Amazing,Halo 3: ODST [The Master Chief Collection],Xbox One,9,Shooter,2015,6,10
Amazing,Halo 5: Guardians,Xbox One,9,Shooter,2015,10,26
Mediocre,Halo: Spartan Assault,Xbox One,5.8,Shooter,2014,1,11
Good,Halo: Spartan Strike,PC,7.2,Shooter,2015,4,21
Good,Halo: Spartan Strike,iPhone,7.2,Shooter,2015,4,21
Amazing,Halo: The Master Chief Collection,Xbox One,9,Shooter,2014,11,6
Good,Hand of Fate,PC,7,"Card, Battle",2015,2,21
Good,Hand of Fate,Xbox One,7,"Card, Battle",2015,2,21
Good,Hard West,PC,7.3,Strategy,2015,11,18
Mediocre,Hardware: Rivals,PlayStation 4,5.5,Action,2016,1,12
Great,Hatoful Boyfriend,PlayStation 4,8,Adventure,2015,7,27
Great,Hatoful Boyfriend,PlayStation Vita,8,Adventure,2015,7,27
Great,Hatoful Boyfriend,PC,8,Adventure,2014,9,5
Amazing,Hearthstone: Heroes of WarCraft,Macintosh,9,"Card, Battle",2014,3,13
Amazing,Hearthstone: Heroes of WarCraft,iPad,9,"Card, Battle",2014,3,13
Amazing,Hearthstone: Heroes of WarCraft,PC,9,"Card, Battle",2014,3,13
Amazing,Hearts of Iron IV,PC,9,Strategy,2016,6,6
Good,Heavy Rain,PlayStation 4,7.5,Adventure,2016,3,4
Amazing,Helldivers,PlayStation Vita,9,Shooter,2015,3,14
Amazing,Helldivers,PlayStation 3,9,Shooter,2015,3,14
Amazing,Helldivers,PlayStation 4,9,Shooter,2015,3,14
Great,Her Story,PC,8.5,Adventure,2015,6,30
Okay,Heroes of the Storm,PC,6.5,Strategy,2015,6,2
Okay,Heroes of the Storm,Macintosh,6.5,Strategy,2015,6,2
Great,Hitman Go,Android,8.2,Strategy,2014,4,23
Great,Hitman Go,iPhone,8.2,Strategy,2014,4,23
Good,Hitman: Episode 1,Xbox One,7.9,Shooter,2016,3,10
Good,Hitman: Episode 1,PC,7.9,Shooter,2016,3,10
Good,Hitman: Episode 1,PlayStation 4,7.9,Shooter,2016,3,10
Great,Hitman: Episode 2,PC,8.5,Shooter,2016,4,29
Great,Hitman: Episode 2,Xbox One,8.5,Shooter,2016,4,29
Great,Hitman: Episode 2,PlayStation 4,8.5,Shooter,2016,4,29
Okay,Hitman: Episode 3,PlayStation 4,6,Shooter,2016,6,3
Good,Hitman: Episode 4,PC,7.4,Shooter,2016,8,19
Good,Hitman: Episode 4,PlayStation 4,7.4,Shooter,2016,8,19
Good,Hitman: Episode 4,Xbox One,7.4,Shooter,2016,8,19
Great,Hohokum,PlayStation 4,8.8,Action,2014,8,12
Great,Hohokum,PlayStation 3,8.8,Action,2014,8,12
Great,Hohokum,PlayStation Vita,8.8,Action,2014,8,12
Mediocre,Homefront: The Revolution,PC,5,Shooter,2016,5,17
Amazing,Homeworld Remastered Collection,PC,9,Strategy,2015,2,24
Great,Homeworld: Deserts of Kharak,PC,8.8,Strategy,2016,1,23
Okay,Horizon,PC,6.5,Strategy,2014,2,20
Great,Hotline Miami 2: Wrong Number,PC,8.8,Action,2015,3,10
Amazing,HTC Vive,PC,9.3,Hardware,2016,4,7
Good,Human Fall Flat,PC,7.9,"Puzzle, Action",2016,7,28
Good,Hyper Light Drifter,PC,7.6,"Action, RPG",2016,4,14
Okay,Hyperdimension Neptunia Re:Birth 1,PlayStation Vita,6,RPG,2014,9,11
Bad,Hyperdimension Neptunia: Producing Perfection,PlayStation Vita,4,Simulation,2014,5,23
Good,Hyrule Warriors,Wii U,7,Action,2014,9,17
Bad,Hyrule Warriors Legends,Nintendo 3DS,4,Action,2016,3,23
Okay,Hyrule Warriors Legends,New Nintendo 3DS,6.8,Action,2016,3,23
Good,I Am Bread,PC,7.2,Puzzle,2015,4,13
Good,I Am Setsuna,PlayStation 4,7.5,RPG,2016,7,21
Good,Infamous: First Light,PlayStation 4,7.5,Action,2014,8,26
Great,Infamous: Second Son,PlayStation 4,8.7,Action,2014,3,20
Okay,Infinite Crisis,PC,6.9,Strategy,2015,4,29
Masterpiece,Inside,PlayStation 4,10,Adventure,2016,6,28
Masterpiece,Inside,Xbox One,10,Adventure,2016,6,28
Masterpiece,Inside,PC,10,Adventure,2016,6,28
Good,Insurgency,PC,7.5,Shooter,2014,1,28
Great,Invisible Inc.,PC,8.5,Strategy,2015,5,12
Good,Jazzpunk,PC,7,Adventure,2014,2,6
Great,Joe Danger Infinity,iPhone,8.6,Action,2014,1,16
Good,JoJo's Bizarre Adventure: All Star Battle,PlayStation 3,7.4,Fighting,2014,5,5
Great,Jotun,PC,8,Action,2015,9,30
Amazing,Journey,PlayStation 4,9,Adventure,2015,7,23
Mediocre,J-Stars Victory VS.+,PlayStation 4,5,Fighting,2015,7,11
Mediocre,Just Cause 3,Xbox One,5.9,Action,2015,12,4
Mediocre,Just Cause 3,PlayStation 4,5.9,Action,2015,12,4
Great,Just Cause 3,PC,8,Action,2015,11,30
Great,Just Dance 2015,Xbox One,8,Music,2014,12,9
Good,Kalimba,Xbox One,7.4,Platformer,2014,12,17
Great,Kentucky Route Zero: Act 4,PC,8.5,Adventure,2016,7,22
Amazing,Kerbal Space Program,PlayStation 4,9,Simulation,2016,7,18
Amazing,Kerbal Space Program,PC,9,Simulation,2015,5,15
Good,Kick & Fennick,PlayStation Vita,7.7,"Platformer, Adventure",2015,2,16
Okay,KickBeat,PC,6.5,"Music, Action",2014,1,23
Good,Kinect Sports Rivals,Xbox One,7.3,"Sports, Party",2014,4,7
Great,King of Fighters XIV,PlayStation 4,8,Fighting,2016,8,24
Good,Kingdom,PC,7.7,Adventure,2015,10,21
Great,Kingdom Hearts HD II.5 ReMIX,PlayStation 3,8.4,"Compilation, RPG",2014,12,8
Great,King's Quest -- Episode 1: A Knight to Remember,Xbox One,8,Adventure,2015,7,28
Great,King's Quest -- Episode 1: A Knight to Remember,PC,8,Adventure,2015,7,28
Okay,King's Quest -- Episode 2: Rubble without a Cause,PC,6.7,Adventure,2016,1,7
Great,Kirby and the Rainbow Curse,Wii U,8,Platformer,2015,2,19
Great,Kirby: Planet Robobot,Nintendo 3DS,8,Platformer,2016,5,27
Okay,Kirby: Triple Deluxe,Nintendo 3DS,6,Platformer,2014,4,28
Good,Knights of Pen & Paper II,iPhone,7.8,RPG,2015,5,15
Good,Knights of Pen & Paper II,Android,7.8,RPG,2015,5,15
Great,Lara Croft and the Temple of Osiris,Xbox One,8.1,Action,2014,12,8
Great,Lara Croft Go,iPhone,8.5,Adventure,2015,8,27
Mediocre,Layers of Fear,PC,5.8,Adventure,2016,2,14
Amazing,League of Legends,Macintosh,9.2,Action,2014,2,13
Amazing,League of Legends,PC,9.2,Action,2014,2,13
Great,Legend of Grimrock II,PC,8.6,RPG,2014,10,17
Good,Legends of Eisenwald,PC,7.3,RPG,2015,7,9
Good,LEGO Batman 3: Beyond Gotham,Wii U,7.4,Action,2014,11,22
Good,LEGO Batman 3: Beyond Gotham,PlayStation 4,7.4,Action,2014,11,22
Good,LEGO Dimensions,PlayStation 4,7.7,"Action, Adventure",2015,9,29
Good,LEGO Jurassic World,PC,7.6,"Action, Adventure",2015,6,22
Okay,LEGO Marvel's Avengers,PlayStation 4,6.7,"Action, Adventure",2016,1,28
Amazing,LEGO Star Wars: The Force Awakens,PlayStation 4,9,"Action, Adventure",2016,6,29
Good,LEGO: The Hobbit,PlayStation 4,7.4,Adventure,2014,4,10
Good,LEGO: The Hobbit,Nintendo 3DS,7,Adventure,2014,4,21
Good,LEGO: The Hobbit,Xbox One,7.4,Adventure,2014,4,10
Okay,Lichdom: Battlemage,PC,6.5,"Action, RPG",2014,8,29
Okay,Life is Strange -- Episode 1: Chrysalis,PC,6.5,Adventure,2015,2,2
Good,Life is Strange -- Episode 2: Out of Time,PC,7,Adventure,2015,3,24
Great,Life is Strange -- Episode 3: Chaos Theory,PlayStation 4,8,Adventure,2015,5,19
Great,Life is Strange -- Episode 3: Chaos Theory,Xbox One,8,Adventure,2015,5,19
Great,Life is Strange -- Episode 3: Chaos Theory,PC,8,Adventure,2015,5,19
Okay,Life is Strange -- Episode 4: Dark Room,PC,6,Adventure,2015,7,30
Okay,Life is Strange -- Episode 4: Dark Room,PlayStation 4,6,Adventure,2015,7,30
Okay,Life is Strange -- Episode 4: Dark Room,Xbox One,6,Adventure,2015,7,30
Good,Lightning Returns: Final Fantasy XIII,PlayStation 3,7,RPG,2014,2,11
Good,Lightning Returns: Final Fantasy XIII,Xbox 360,7,RPG,2014,2,11
Okay,LittleBigPlanet 3,PlayStation 4,6.8,Platformer,2014,11,18
Okay,Loadout,PlayStation 4,6.4,Shooter,2015,1,2
Good,Lords of the Fallen,PC,7.4,"RPG, Action",2014,10,28
Good,Lost Dimension,PlayStation Vita,7,RPG,2015,9,11
Great,Lovers in a Dangerous Spacetime,PC,8.5,Platformer,2015,9,16
Okay,Lucky's Tale,PC,6,Platformer,2016,4,6
Great,Luftrausers,PC,8.7,Action,2014,3,21
Great,Luftrausers,PlayStation Vita,8.7,Action,2014,3,21
Great,Mad Max,PlayStation 4,8.4,Action,2015,8,31
Great,Madden NFL 15,Xbox One,8.7,Sports,2014,8,21
Great,Madden NFL 15,PlayStation 4,8.7,Sports,2014,8,21
Great,Madden NFL 16,PlayStation 4,8.8,Sports,2015,8,25
Great,Madden NFL 16,Xbox One,8.8,Sports,2015,8,25
Great,Madden NFL 17,PlayStation 4,8.6,Sports,2016,8,17
Bad,Magic 2015 -- Duels of the Planewalkers,PC,4.5,"Card, Battle",2014,7,22
Good,Magicka 2,PlayStation 4,7.7,"Adventure, RPG",2015,5,28
Good,Magicka 2,PC,7.7,"Adventure, RPG",2015,5,28
Okay,Magicka: Wizard Wars,PC,6.4,Strategy,2015,5,5
Okay,Magnetic: Cage Closed,PC,6.5,Puzzle,2015,5,27
Mediocre,Mario & Luigi: Paper Jam,Nintendo 3DS,5.9,RPG,2016,1,20
Great,Mario Golf World Tour,Nintendo 3DS,8.6,"Sports, Action",2014,4,24
Amazing,Mario Kart 8,Wii U,9,"Racing, Action",2014,5,15
Okay,Mario Party 10,Wii U,6.5,Party,2015,3,17
Bad,Mario Tennis: Ultra Smash,Wii U,4.8,Sports,2015,11,18
Okay,Mario vs. Donkey Kong: Tipping Stars,Nintendo 3DS,6.8,Puzzle,2015,3,12
Okay,Mario vs. Donkey Kong: Tipping Stars,Wii U,6.8,Puzzle,2015,3,12
Okay,Massive Chalice,PC,6.7,Strategy,2015,7,8
Good,Master of Orion,PC,7.1,Strategy,2016,8,26
Okay,Master Reboot,PlayStation 3,6.2,Adventure,2014,3,18
Okay,Master Reboot,PC,6.2,Adventure,2014,3,18
Amazing,Mega Man Legacy Collection,Nintendo 3DS,9,Action,2015,8,25
Amazing,Mega Man Legacy Collection,Xbox One,9,Action,2015,8,25
Amazing,Mega Man Legacy Collection,PC,9,Action,2015,8,25
Amazing,Mega Man Legacy Collection,PlayStation 4,9,Action,2015,8,25
Great,Mercenary Kings,PC,8,Action,2014,4,25
Great,Mercenary Kings,PlayStation 4,8,Action,2014,4,25
Great,Metal Gear Rising: Revengeance,PC,8.5,Action,2014,1,10
Great,Metal Gear Solid V: Ground Zeroes,Xbox 360,8,"Action, Adventure",2014,3,18
Great,Metal Gear Solid V: Ground Zeroes,Xbox One,8,"Action, Adventure",2014,3,18
Great,Metal Gear Solid V: Ground Zeroes,PlayStation 3,8,"Action, Adventure",2014,3,18
Great,Metal Gear Solid V: Ground Zeroes,PlayStation 4,8,"Action, Adventure",2014,3,18
Great,Metal Gear Solid V: Ground Zeroes,PC,8,"Action, Adventure",2014,12,22
Masterpiece,Metal Gear Solid V: The Phantom Pain,Xbox One,10,Action,2015,8,24
Masterpiece,Metal Gear Solid V: The Phantom Pain,PlayStation 4,10,Action,2015,8,24
Masterpiece,Metal Gear Solid V: The Phantom Pain,PC,10,Action,2015,8,24
Okay,Metrico,PlayStation Vita,6.5,"Puzzle, Action",2014,8,5
Great,Metro: Redux,Xbox One,8.6,Shooter,2014,8,19
Great,Metro: Redux,PC,8.6,Shooter,2014,8,19
Great,Metro: Redux,PlayStation 4,8.6,Shooter,2014,8,19
Mediocre,Metroid Prime: Federation Force,Nintendo 3DS,5.9,Shooter,2016,8,19
Okay,Micromon,iPhone,6.7,RPG,2014,8,9
Amazing,Middle-earth: Shadow of Mordor,PC,9.3,"Action, Adventure",2014,9,26
Amazing,Middle-earth: Shadow of Mordor,Xbox One,9.3,"Action, Adventure",2014,9,26
Amazing,Middle-earth: Shadow of Mordor,PlayStation 4,9.3,"Action, Adventure",2014,9,26
Okay,Middle-earth: Shadow of Mordor: The Bright Lord,Xbox One,6.8,"Action, Adventure",2015,2,24
Okay,Midnight Star,iPhone,6.5,Shooter,2015,2,13
Okay,Might & Magic Heroes VII,PC,6.4,Strategy,2015,10,2
Good,Might and Magic X Legacy,PC,7.3,RPG,2014,1,28
Good,Mighty Gunvolt,Nintendo 3DS,7.5,Action,2014,8,28
Mediocre,Mighty No. 9,PlayStation 4,5.6,"Action, Platformer",2016,6,20
Mediocre,Mighty No. 9 (Collector's Edition),PlayStation 4,5.6,"Action, Platformer",2016,6,20
Good,Mind Zero,PlayStation Vita,7,RPG,2014,6,16
Amazing,Minecraft,PlayStation 3,9.5,Action,2014,1,24
Amazing,Minecraft,PlayStation Vita,9.5,Action,2014,1,24
Amazing,Minecraft,PlayStation 4,9.7,Action,2014,9,6
Amazing,Minecraft,Xbox One,9.7,Action,2014,9,6
Good,Minecraft -- Pocket Edition,iPhone,7.5,Action,2014,2,13
Good,Minecraft -- Pocket Edition,Android,7.5,Action,2014,2,13
Good,Minecraft: Story Mode -- Episode 1: The Order of the Stone,Xbox One,7.3,Adventure,2015,10,13
Good,Minecraft: Story Mode -- Episode 1: The Order of the Stone,PC,7.3,Adventure,2015,10,13
Mediocre,Minecraft: Story Mode -- Episode 2: Assembly Required,PC,5.6,Adventure,2015,10,30
Mediocre,Minecraft: Story Mode -- Episode 2: Assembly Required,Xbox One,5.6,Adventure,2015,10,30
Good,Minecraft: Story Mode -- Episode 3: The Last Place You Look,Xbox One,7.7,Adventure,2015,11,25
Okay,Minecraft: Story Mode -- Episode 4: A Block and a Hard Place,Xbox One,6.3,Adventure,2016,1,14
Okay,Minimum,PC,6.5,Shooter,2014,9,19
Okay,Mirror's Edge Catalyst,PC,6.8,"Action, Adventure",2016,6,6
Okay,Mirror's Edge Catalyst,Xbox One,6.8,"Action, Adventure",2016,6,6
Okay,Mirror's Edge Catalyst,PlayStation 4,6.8,"Action, Adventure",2016,6,6
Great,MLB 14: The Show,PlayStation 3,8.1,"Sports, Baseball",2014,4,4
Great,MLB 14: The Show,PlayStation 4,8.1,"Sports, Baseball",2014,4,4
Good,MLB 14: The Show,PlayStation Vita,7.1,"Sports, Baseball",2014,4,11
Great,MLB 15: The Show,PlayStation 4,8.5,Sports,2015,4,9
Amazing,MLB The Show 16,PlayStation 4,9.3,Sports,2016,4,1
Amazing,Monster Hunter 4 Ultimate,Nintendo 3DS,9,Action,2015,2,10
Great,Monster Hunter Generations,Nintendo 3DS,8,Action,2016,7,12
Bad,Monster Monpiece,PlayStation Vita,4.9,"Card, Battle",2014,6,5
Great,Mortal Kombat X,Xbox One,8.4,Fighting,2015,4,13
Great,Mortal Kombat X,PlayStation 4,8.4,Fighting,2015,4,13
Okay,Mount & Blade: Warband,Xbox One,6.8,RPG,2016,9,22
Good,MouseCraft,PlayStation 4,7.7,Puzzle,2014,7,11
Good,MouseCraft,PC,7.7,Puzzle,2014,7,11
Good,MouseCraft,Linux,7.7,Puzzle,2014,7,11
Good,MouseCraft,Macintosh,7.7,Puzzle,2014,7,11
Good,Murasaki Baby,PlayStation Vita,7.5,Action,2014,9,16
Mediocre,Murdered: Soul Suspect,PC,5.5,Adventure,2014,6,3
Mediocre,Murdered: Soul Suspect,Xbox One,5.5,Adventure,2014,6,3
Mediocre,Murdered: Soul Suspect,PlayStation 4,5.5,Adventure,2014,6,3
Amazing,Mushroom 11,PC,9,Platformer,2015,10,15
Mediocre,Naruto Shippuden: Ultimate Ninja Storm 4,PlayStation 4,5.5,Action,2016,2,10
Painful,Natural Doctrine,PlayStation 4,2.8,RPG,2014,10,16
Good,NBA 2K15,PlayStation 4,7.8,Sports,2014,10,10
Good,NBA 2K15,PC,7.8,Sports,2014,10,10
Good,NBA 2K15,Xbox One,7.8,Sports,2014,10,10
Amazing,NBA 2K16,PlayStation 4,9,Sports,2015,9,29
Great,NBA 2K17,PlayStation 4,8.9,Sports,2016,9,22
Mediocre,NBA Live 15,Xbox One,5.5,Sports,2014,10,29
Mediocre,NBA Live 15,PlayStation 4,5.5,Sports,2014,10,29
Okay,NBA Live 16,Xbox One,6,Sports,2015,10,6
Okay,NBA Live 16,PlayStation 4,6,Sports,2015,10,6
Okay,Necropolis,PC,6.5,"Action, Adventure",2016,7,14
Okay,Need for Speed,PlayStation 4,6.3,Racing,2015,11,3
Good,Neo Scavenger,PC,7.9,Strategy,2014,12,22
Good,NES Remix 2,Wii U,7.7,Party,2014,4,23
Good,Neverwinter,Xbox One,7.3,"Action, RPG",2015,4,9
Good,NHL 15,PlayStation 4,7,Sports,2014,9,9
Good,NHL 16,Xbox One,7.8,Sports,2015,9,15
Good,NHL 16,PlayStation 4,7.8,Sports,2015,9,15
Great,NHL 17,Xbox One,8.4,Sports,2016,9,12
Amazing,Nidhogg,PC,9,Fighting,2014,1,15
Okay,No Man's Sky,PlayStation 4,6,Adventure,2016,8,16
Okay,Not the Robots,PC,6.5,Action,2014,1,14
Amazing,Nuclear Throne,PC,9,Action,2015,12,16
Good,Oblitus,PC,7,Action,2015,2,28
Good,Octodad: Dadliest Catch,PC,7.8,Adventure,2014,1,30
Good,Octodad: Dadliest Catch,PlayStation 4,7.8,Adventure,2014,4,24
Amazing,Oculus Rift,PC,9,Hardware,2016,3,31
Great,Oddworld: New 'n' Tasty,PlayStation 4,8.5,Adventure,2014,7,21
Amazing,Odin Sphere Leifthrasir,PlayStation 4,9.5,RPG,2016,6,1
Amazing,Odin Sphere Leifthrasir,PlayStation Vita,9.5,RPG,2016,6,1
Great,Offworld Trading Company,PC,8,Strategy,2016,4,28
Good,OlliOlli,PC,7.7,Sports,2014,1,21
Good,OlliOlli,PlayStation Vita,7.7,Sports,2014,1,21
Amazing,OlliOlli 2: Welcome to OlliWood,PlayStation Vita,9,Sports,2015,3,3
Amazing,OlliOlli 2: Welcome to OlliWood,PlayStation 4,9,Sports,2015,3,3
Okay,One Piece: Burning Blood,PlayStation 4,6.5,Fighting,2016,5,31
Okay,One Piece: Burning Blood,Xbox One,6.5,Fighting,2016,5,31
Okay,One Piece: Pirate Warriors 3,PlayStation 4,6.9,Action,2015,9,11
Mediocre,One Piece: Romance Dawn,Nintendo 3DS,5,RPG,2014,3,17
Good,One Piece: Unlimited World Red,Nintendo 3DS,7,Action,2014,7,23
Good,One Piece: Unlimited World Red,PlayStation 3,7,Action,2014,7,23
Good,One Piece: Unlimited World Red,Wii U,7,Action,2014,7,23
Okay,Orbital Gear,PC,6.5,Shooter,2014,8,21
Great,Ori and The Blind Forest,Xbox One,8.5,Platformer,2015,3,10
Great,Out of the Park Baseball 15,PC,8.5,"Sports, Simulation",2014,8,9
Okay,Outlast: Whistleblower,PC,6.4,"Action, Adventure",2014,5,8
Okay,Outlast: Whistleblower,PlayStation 4,6.4,"Action, Adventure",2014,5,8
Amazing,Overwatch,Xbox One,9.4,Shooter,2016,5,28
Amazing,Overwatch,PC,9.4,Shooter,2016,5,28
Amazing,Overwatch,PlayStation 4,9.4,Shooter,2016,5,28
Great,OxenFree,PC,8.2,Adventure,2016,1,15
Good,Pac-Man Championship Edition 2,PC,7.5,Action,2016,9,13
Great,PayDay 2: Crimewave Edition,PlayStation 4,8.3,Shooter,2015,7,2
Great,PayDay 2: Crimewave Edition,Xbox One,8.3,Shooter,2015,7,2
Amazing,Persona 4 Arena Ultimax,Xbox 360,9.1,Fighting,2014,9,30
Amazing,Persona 4 Arena Ultimax,PlayStation 3,9.1,Fighting,2014,9,30
Great,Persona 4: Dancing All Night,PlayStation Vita,8.4,Music,2015,9,23
Great,Persona Q: Shadow of the Labyrinth,Nintendo 3DS,8.5,RPG,2014,11,20
Mediocre,Phantom Breaker: Battle Grounds,PlayStation Vita,5,Fighting,2014,8,21
Okay,Phoenix Wright: Ace Attorney -- Spirit of Justice,Nintendo 3DS,6.5,Adventure,2016,9,8
Great,Pillar of Eternity: The White March - Part II,PC,8,RPG,2016,2,24
Amazing,Pillars of Eternity,PC,9,RPG,2015,3,27
Bad,Planetary Annihilation,PC,4.8,Strategy,2014,9,17
Good,PlanetSide 2,PlayStation 4,7.6,Shooter,2015,6,27
Good,Plants vs. Zombies: Garden Warfare,Xbox One,7.8,Shooter,2014,2,25
Great,Plants vs. Zombies: Garden Warfare 2,PlayStation 4,8.2,Shooter,2016,2,24
Great,Plants vs. Zombies: Garden Warfare 2,PC,8.2,Shooter,2016,2,24
Great,Plants vs. Zombies: Garden Warfare 2,Xbox One,8.2,Shooter,2016,2,24
Good,Pokemon Alpha Sapphire Version,Nintendo 3DS,7.8,RPG,2014,11,18
Good,Pokemon Battle Trozei,Nintendo 3DS,7,Puzzle,2014,3,24
Good,Pokemon Go,Android,7,Battle,2016,7,13
Good,Pokemon Go,iPhone,7,Battle,2016,7,13
Good,Pokemon Omega Ruby Version,Nintendo 3DS,7.8,RPG,2014,11,18
Okay,Pokemon Trading Card Game Online,iPhone,6,Card,2014,10,20
Great,Pokken Tournament,Wii U,8,Fighting,2016,3,15
Amazing,Pony Island,PC,9,Puzzle,2016,1,19
Great,Prison Architect,PC,8.3,Strategy,2015,10,6
Amazing,Pro Evolution Soccer 2015,PC,9,Sports,2014,11,14
Amazing,Pro Evolution Soccer 2015,PlayStation 3,9,Sports,2014,11,14
Amazing,Pro Evolution Soccer 2015,Xbox 360,9,Sports,2014,11,14
Amazing,Pro Evolution Soccer 2015,Xbox One,9,Sports,2014,11,14
Amazing,Pro Evolution Soccer 2015,PlayStation 4,9,Sports,2014,11,14
Amazing,Pro Evolution Soccer 2016,PlayStation 4,9.5,Sports,2015,9,14
Amazing,Pro Evolution Soccer 2017,PlayStation 4,9.5,Sports,2016,9,13
Amazing,Pro Evolution Soccer 2017,Xbox One,9.5,Sports,2016,9,13
Good,Professor Layton vs. Phoenix Wright,Nintendo 3DS,7.8,Adventure,2014,3,21
Great,Project CARS,PlayStation 4,8.9,Racing,2015,5,6
Great,Project CARS,Xbox One,8.9,Racing,2015,5,6
Great,Project CARS,PC,8.9,Racing,2015,5,6
Great,Project CARS,SteamOS,8.9,Racing,2015,5,6
Good,Project Highrise,PC,7,Simulation,2016,9,9
Great,Project Spark,Xbox One,8,"Productivity, Action",2014,10,7
Great,Project Spark,PC,8,"Productivity, Action",2014,10,7
Okay,Project X Zone 2,Nintendo 3DS,6.5,RPG,2016,2,18
Okay,Punch Club,PC,6.5,"Fighting, Simulation",2016,1,15
Okay,Pure Chess,PlayStation Vita,6,Board,2014,4,15
Okay,Pure Chess,PlayStation 3,6,Board,2014,4,15
Okay,Pure Chess,Wii U,6,Board,2014,4,15
Okay,Pure Chess,PlayStation 4,6,Board,2014,4,15
Good,Puzzle & Dragons Z + Puzzle & Dragons Super Mario Bros. Edition,Nintendo 3DS,7.9,Puzzle,2015,5,19
Great,Quadrilateral Cowboy,PC,8.5,Puzzle,2016,7,28
Great,Quantum Break,Xbox One,8,Action,2016,4,1
Awful,Rambo: The Video Game,PlayStation 3,3,Shooter,2014,2,21
Awful,Rambo: The Video Game,Xbox 360,3,Shooter,2014,2,21
Awful,Rambo: The Video Game,PC,3,Shooter,2014,2,21
Bad,Randal's Monday,PC,4.5,Adventure,2014,12,1
Amazing,Rare Replay,Xbox One,9,"Action, Compilation",2015,8,4
Amazing,Ratchet & Clank,PlayStation 4,9,Platformer,2016,4,11
Awful,Raven's Cry,PC,3,Action,2015,2,3
Bad,RBI Baseball 14,PlayStation 3,4.5,Baseball,2014,4,15
Bad,RBI Baseball 15,Xbox One,4.9,Sports,2015,4,8
Great,Rebel Galaxy,PC,8,Simulation,2015,10,16
Good,ReCore,Xbox One,7.3,Adventure,2016,9,13
Good,ReCore,PC,7.3,Adventure,2016,9,13
Awful,Rekoil,PC,3,Shooter,2014,2,3
Good,Republique -- Episode 2: Metamorphosis,iPhone,7.5,Adventure,2014,5,1
Great,Resident Evil,PlayStation 3,8,Action,2015,1,19
Great,Resident Evil,PlayStation 4,8,Action,2015,1,19
Great,Resident Evil,Xbox 360,8,Action,2015,1,19
Great,Resident Evil,Xbox One,8,Action,2015,1,19
Great,Resident Evil,PC,8,Action,2015,1,19
Good,Resident Evil Revelations 2,Xbox One,7,"Action, Adventure",2015,3,20
Good,Resident Evil Revelations 2 -- Episode 1,Xbox One,7,"Action, Adventure",2015,2,24
Great,Resident Evil Revelations 2 -- Episode 2,Xbox One,8,"Action, Adventure",2015,3,3
Good,Resident Evil Revelations 2 -- Episode 3,Xbox One,7.5,"Action, Adventure",2015,3,10
Okay,Resident Evil Revelations 2 -- Episode 4,Xbox One,6.8,"Action, Adventure",2015,3,17
Okay,Resident Evil Zero,PC,6.5,"Action, Adventure",2016,1,19
Okay,Resident Evil Zero,Xbox One,6.5,"Action, Adventure",2016,1,19
Great,Resogun Heroes,PlayStation 4,8.5,Shooter,2014,6,27
Mediocre,Rick and Morty: Pocket Mortys,iPhone,5.5,RPG,2016,1,12
Great,Rise of Incarnates,PC,8,Fighting,2015,7,15
Amazing,Rise of the Tomb Raider,Xbox One,9.3,"Action, Adventure",2015,11,9
Amazing,Rise of the Tomb Raider,PC,9.3,"Action, Adventure",2015,11,9
Good,Rise of the Tomb Raider -- Baba Yaga: The Temple of the Witch,Xbox One,7,"Action, Adventure",2016,1,28
Good,Rise of the Tomb Raider -- Cold Darkness Awakened,Xbox One,7,"Action, Adventure",2016,4,2
Mediocre,Risen 3: Titan Lords,PC,5.2,RPG,2014,8,12
Okay,Rive,PC,6.5,Shooter,2016,9,14
Okay,Road Not Taken,PC,6.7,Puzzle,2014,8,5
Great,Rock Band 4,Xbox One,8.8,Music,2015,10,5
Great,Rock Band 4,PlayStation 4,8.8,Music,2015,10,5
Great,Rocket League,Xbox One,8,Sports,2016,2,23
Great,Rocket League,PlayStation 4,8,Sports,2015,7,15
Great,Rocket League,PC,8,Sports,2015,7,15
Mediocre,Rory McIlroy PGA Tour,Xbox One,5.5,"Sports, Golf",2015,7,14
Mediocre,Rory McIlroy PGA Tour,PlayStation 4,5.5,Sports,2015,7,14
Painful,Rugby 15,PlayStation 3,2,Sports,2014,12,4
Painful,Rugby 15,PlayStation 4,2,Sports,2014,12,4
Painful,Rugby 15,Xbox 360,2,Sports,2014,12,4
Painful,Rugby 15,Xbox One,2,Sports,2014,12,4
Painful,Rugby 15,PC,2,Sports,2014,12,4
Okay,Rugby League Live 3,Xbox One,6.5,Sports,2015,9,15
Unbearable,Rugby World Cup 2015,PlayStation 4,1.5,Sports,2015,9,4
Okay,Sacred 3,PC,6.5,RPG,2014,8,5
Good,Saints Row IV: Gat Out of Hell,PC,7,Action,2015,1,21
Good,Saints Row IV: Re-Elected & Gat Out of Hell,PlayStation 4,7.8,Action,2015,1,19
Good,Saints Row IV: Re-Elected & Gat Out of Hell,Xbox One,7.8,Action,2015,1,19
Great,Salt and Sanctuary,PC,8.6,"Action, RPG",2016,5,23
Great,Screamride,Xbox One,8.2,Simulation,2015,3,3
Good,Screencheat,PC,7,Shooter,2014,10,26
Good,Scrolls,PC,7.4,"Card, Battle",2014,12,23
Good,Secret Ponchos,PlayStation 4,7,Shooter,2014,12,6
Okay,Severed,PlayStation Vita,6.4,RPG,2016,4,26
Okay,Shadowgate -- The Classic Adventure Re-Imagined,PC,6.4,Adventure,2014,8,22
Okay,Shadowrun Chronicles: Boston Lockdown,PC,6.5,RPG,2015,5,5
Great,Shadowrun: Hong Kong,PC,8,RPG,2015,9,11
Great,Shantae and the Pirate's Curse,Nintendo 3DS,8.5,Platformer,2014,10,29
Mediocre,Sharknado: The Video Game,iPhone,5.5,Action,2014,8,5
Good,Sherlock Holmes: Crimes & Punishments,PlayStation 4,7.5,Adventure,2014,9,30
Good,Sherlock Holmes: Crimes & Punishments,PC,7.5,Adventure,2014,9,30
Amazing,Shovel Knight,PlayStation Vita,9,"Platformer, Adventure",2014,6,26
Amazing,Shovel Knight,PlayStation 4,9,"Platformer, Adventure",2014,6,26
Amazing,Shovel Knight,Nintendo 3DS,9,"Platformer, Adventure",2014,6,26
Amazing,Shovel Knight,Wii U,9,"Platformer, Adventure",2014,6,26
Amazing,Shovel Knight,PC,9,"Platformer, Adventure",2014,6,26
Amazing,Shovel Knight,PlayStation 3,9,"Platformer, Adventure",2014,6,26
Okay,Sid Meier's Civilization Revolution 2,iPhone,6.9,Simulation,2014,7,10
Good,Sid Meier's Civilization: Beyond Earth,PC,7.9,Simulation,2014,10,23
Good,Sid Meier's Civilization: Beyond Earth -- Rising Tide,PC,7.1,Simulation,2015,10,8
Okay,Sid Meier's Starships,PC,6.5,Strategy,2015,3,14
Okay,Sid Meier's Starships,iPad,6.5,Strategy,2015,3,14
Good,Siesta Fiesta,Nintendo 3DS,7.9,Action,2014,8,8
Good,"Sir, You are Being Hunted",PC,7.7,Shooter,2014,5,2
Great,Skylanders SuperChargers,Xbox One,8,"Action, Adventure",2015,9,28
Great,Skylanders SuperChargers,PlayStation 4,8,"Action, Adventure",2015,9,28
Great,Skylanders Trap Team,PlayStation 4,8.2,"Action, Adventure",2014,10,1
Great,Sleeping Dogs: Definitive Edition,Xbox One,8.5,Action,2014,10,8
Great,Smite,Xbox One,8.5,Strategy,2015,8,19
Great,Smite,PC,8.5,Strategy,2014,4,1
Great,Sniper Elite III,PC,8.2,Shooter,2014,6,26
Great,Sniper Elite III,PlayStation 4,8.2,Shooter,2014,6,26
Great,Soma,PC,8.1,Adventure,2015,9,21
Okay,Song of the Deep,PlayStation 4,6,Adventure,2016,7,12
Bad,Sonic Boom: Rise of Lyric,Wii U,4.3,Platformer,2014,11,14
Bad,Sonic Boom: Shattered Crystal,Nintendo 3DS,4,Platformer,2014,11,13
Good,Sorcery Saga: The Curse of the Great Curry God,PlayStation Vita,7.5,RPG,2014,1,8
Good,"Sorcery Saga: The Curse of the Great Curry God (Hot and Spicy, Everything Nicey Limited Edition)",PlayStation Vita,7.5,RPG,2014,1,8
Amazing,South Park: The Stick of Truth,PlayStation 3,9,RPG,2014,3,4
Amazing,South Park: The Stick of Truth,PC,9,RPG,2014,3,4
Amazing,South Park: The Stick of Truth,Xbox 360,9,RPG,2014,3,4
Okay,Spacebase DF-9,PC,6.8,Simulation,2014,11,4
Great,Splatoon,Wii U,8.6,Shooter,2015,11,13
Great,Sportsfriends,PlayStation 3,8.7,"Action, Compilation",2014,5,15
Great,Sportsfriends,PC,8.7,"Action, Compilation",2014,5,15
Great,Sportsfriends,PlayStation 4,8.7,"Action, Compilation",2014,5,15
Good,Star Fox Guard,Wii U,7.8,Action,2016,4,20
Good,Star Fox Zero,Wii U,7.5,Flight,2016,4,20
Mediocre,Star Ocean: Integrity and Faithlessness,PlayStation 4,5.8,RPG,2016,6,28
Great,Star Wars Battlefront,PlayStation 4,8,Shooter,2015,11,12
Great,Star Wars Battlefront,Xbox One,8,Shooter,2015,11,12
Great,Star Wars Battlefront,PC,8,Shooter,2015,11,12
Okay,Star Wars: The Old Republic -- Knights of the Fallen Empire,PC,6.5,RPG,2015,12,11
Mediocre,Star Wars: Uprising,iPad,5.5,RPG,2015,9,18
Amazing,Starbound,PC,9.1,Action,2016,7,28
Great,StarCraft II: Legacy of the Void,PC,8.9,Strategy,2015,11,21
Okay,Starcraft II: Nova Covert Ops -- Mission Pack 1,PC,6.2,Strategy,2016,4,5
Okay,Starcraft II: Nova Covert Ops -- Mission Pack 2,PC,6.4,Strategy,2016,8,4
Great,Stardew Valley,PC,8.8,"RPG, Simulation",2016,3,25
Okay,StarDrive 2,PC,6.9,Strategy,2015,4,20
Awful,Starlight Inception,PlayStation Vita,3.8,Flight,2014,4,29
Great,State of Decay: Year One Survival Edition,Xbox One,8.9,Action,2015,4,22
Great,Stealth Inc. 2: A Game of Clones,Wii U,8.5,Platformer,2014,12,12
Great,SteamWorld Heist,Nintendo 3DS,8.8,Strategy,2015,12,16
Good,Steel Diver: Sub Wars,Nintendo 3DS,7.8,Shooter,2014,3,13
Okay,Steins;Gate,PlayStation Vita,6.9,Adventure,2015,9,12
Okay,Stellaris,PC,6.3,Strategy,2016,5,9
Great,Story of Seasons,Nintendo 3DS,8.4,Simulation,2015,5,1
Great,Street Fighter V,PC,8,Fighting,2016,2,15
Great,Street Fighter V,PlayStation 4,8,Fighting,2016,2,15
Good,Strider,PlayStation 4,7.5,Action,2014,2,18
Good,Strider,Xbox 360,7.5,Action,2014,2,18
Good,Strider,PlayStation 3,7.5,Action,2014,2,18
Good,Strider,PC,7.5,Action,2014,2,18
Good,Strider,Xbox One,7.5,Action,2014,2,18
Good,Styx: Master of Shadows,PC,7.2,Action,2014,10,14
Okay,Submerged,PC,6.8,Adventure,2015,8,7
Okay,Submerged,PlayStation 4,6.8,Adventure,2015,8,7
Great,Sunless Sea,PC,8.3,Adventure,2015,2,19
Great,Sunset,Linux,8,Adventure,2015,5,21
Great,Sunset,PC,8,Adventure,2015,5,21
Great,Sunset,Macintosh,8,Adventure,2015,5,21
Amazing,Sunset Overdrive,Xbox One,9,Action,2015,1,12
Great,Sunset Overdrive -- Mystery of the Mooil Rig,Xbox One,8,Action,2015,1,12
Okay,Super Comboman,PC,6,Action,2014,7,21
Amazing,Super Mario Maker,Wii U,9,Platformer,2015,9,2
Great,Super Mega Baseball,PlayStation 4,8.1,Sports,2015,1,7
Great,Super Mega Baseball,PlayStation 3,8.1,Sports,2015,1,7
Great,Super Smash Bros. for Nintendo 3DS,Nintendo 3DS,8.8,Fighting,2014,9,26
Amazing,Super Smash Bros. for Wii U,Wii U,9.8,Fighting,2014,11,19
Good,Super TIME Force,Xbox One,7.5,Shooter,2014,5,14
Good,Super TIME Force,Xbox 360,7.5,Shooter,2014,5,14
Good,Superhot,PC,7.5,Action,2016,2,25
Mediocre,Supreme League of Patriots,PC,5.7,Adventure,2015,1,31
Good,Surge Deluxe,PlayStation Vita,7.2,Puzzle,2014,2,4
Mediocre,Sword Art Online: Hollow Fragment,PlayStation Vita,5.5,Action,2014,9,19
Okay,Sword Art Online: Lost Song,PlayStation 4,6,Action,2015,11,17
Mediocre,Sword Coast Legends,PC,5.5,RPG,2015,10,28
Great,Tales from Space: Mutant Blobs Attack,Xbox 360,8,Platformer,2014,6,23
Great,Tales from Space: Mutant Blobs Attack,PlayStation 3,8,Platformer,2014,6,23
Great,Tales from the Borderlands -- Episode 1: Zer0 Sum,PC,8.7,Adventure,2014,11,26
Great,Tales from the Borderlands -- Episode 1: Zer0 Sum,PlayStation 4,8.7,Adventure,2014,11,26
Great,Tales from the Borderlands -- Episode 2: Atlas Mugged,PC,8.8,Adventure,2015,3,18
Amazing,Tales from the Borderlands -- Episode 3:  Catch a Ride,PC,9,Adventure,2015,6,23
Okay,Tales from the Borderlands -- Episode 4: Escape Plan Bravo,PC,6,Adventure,2015,8,18
Amazing,Tales from the Borderlands -- Episode 5 The Vault of the Traveler,PC,9,Adventure,2015,10,20
Great,Tales of Symphonia Chronicles,PlayStation 3,8,"Compilation, RPG",2014,2,20
Great,Tales of Xillia 2,PlayStation 3,8,RPG,2014,8,15
Good,Tales of Zestiria,PlayStation 4,7.8,RPG,2015,10,16
Good,Tearaway Unfolded,PlayStation 4,7.6,Adventure,2015,9,2
Mediocre,Teenage Mutant Ninja Turtles: Danger of the Ooze,Xbox 360,5,Fighting,2014,11,5
Bad,Teenage Mutant Ninja Turtles: Mutants in Manhattan,PlayStation 4,4.9,Action,2016,5,26
Good,Tembo the Badass Elephant,PlayStation 4,7,Platformer,2015,7,30
Okay,Tesla Effect: A Tex Murphy Adventure,PC,6.8,Adventure,2014,5,7
Bad,Tharsis,PC,4.8,Strategy,2016,1,20
Bad,Tharsis,PlayStation 4,4.8,Strategy,2016,1,20
Great,"That Dragon, Cancer",PC,8,Adventure,2016,1,15
Bad,The Amazing Spider-Man 2,iPhone,4.5,Action,2014,5,5
Mediocre,The Amazing Spider-Man 2,PC,5.4,Action,2014,5,1
Mediocre,The Amazing Spider-Man 2,Wii U,5.4,Action,2014,5,1
Mediocre,The Amazing Spider-Man 2,Xbox One,5.4,Action,2014,5,1
Mediocre,The Amazing Spider-Man 2,PlayStation 4,5.4,Action,2014,5,1
Mediocre,The Amazing Spider-Man 2,PlayStation 3,5.4,Action,2014,5,1
Mediocre,The Amazing Spider-Man 2,Xbox 360,5.4,Action,2014,5,1
Great,The Banner Saga,PC,8.6,"Strategy, RPG",2014,1,14
Great,The Banner Saga 2,PC,8.9,"Strategy, RPG",2016,4,19
Great,The Beginner's Guide,Macintosh,8,Adventure,2015,10,7
Great,The Beginner's Guide,PC,8,Adventure,2015,10,7
Amazing,The Binding of Isaac: Rebirth,PC,9,RPG,2014,11,26
Amazing,The Binding of Isaac: Rebirth,PlayStation 4,9,RPG,2014,11,26
Bad,The Castle Doctrine,PC,4.5,Strategy,2014,2,4
Okay,The Crew,PC,6,"Racing, Action",2014,12,2
Okay,The Crew,Xbox One,6,"Racing, Action",2014,12,2
Okay,The Crew,PlayStation 4,6,"Racing, Action",2014,12,2
Good,The Elder Scrolls Online,PC,7.8,RPG,2014,3,31
Good,The Escapists,PC,7.6,"Action, Strategy",2015,2,13
Great,The Evil Within,PlayStation 4,8.7,Adventure,2014,10,16
Great,The Evil Within,Xbox One,8.7,Adventure,2014,10,16
Great,The Evil Within: The Assignment,Xbox One,8.5,Adventure,2015,3,12
Great,The Evil Within: The Assignment,PlayStation 4,8.5,Adventure,2015,3,12
Good,The Evil Within: The Consequence,Xbox One,7,Adventure,2015,4,23
Okay,The Evil Within: The Executioner,Xbox One,6.5,Adventure,2015,5,29
Good,The Flame in the Flood,PC,7.3,Adventure,2016,3,3
Good,The Golf Club,PC,7,Sports,2014,8,26
Good,The Golf Club: Collector's Edition,Xbox One,7,Sports,2014,8,26
Good,The Golf Club: Collector's Edition,PlayStation 4,7,Sports,2014,8,26
Good,The Incredible Adventures of Van Helsing II,PC,7.4,"Action, RPG",2014,5,30
Okay,The Last Federation,PC,6.9,Strategy,2014,4,29
Amazing,The Last of Us: Left Behind,PlayStation 3,9,"Action, Adventure",2014,2,14
Masterpiece,The Last of Us: Remastered,PlayStation 4,10,Action,2014,7,28
Bad,The Legend of Korra,Xbox One,4.2,Action,2014,10,21
Great,The Legend of Zelda: Majora's Mask 3D,Nintendo 3DS,8.7,Adventure,2015,2,4
Great,The Legend of Zelda: Tri Force Heroes,Nintendo 3DS,8.5,Adventure,2015,10,21
Great,The Legend of Zelda: Twilight Princess HD,Wii U,8.6,"Action, Adventure",2016,3,1
Okay,The LEGO Movie Videogame,Xbox 360,6.5,"Action, Adventure",2014,2,13
Okay,The LEGO Movie Videogame,PlayStation 3,6.5,"Action, Adventure",2014,2,13
Okay,The LEGO Movie Videogame,Xbox One,6.5,"Action, Adventure",2014,2,13
Okay,The LEGO Movie Videogame,PC,6.5,"Action, Adventure",2014,2,13
Okay,The LEGO Movie Videogame,PlayStation 4,6.5,"Action, Adventure",2014,2,13
Okay,The LEGO Movie Videogame,Wii U,6.5,"Action, Adventure",2014,2,13
Good,The Magic Circle,PC,7.8,Adventure,2015,7,31
Okay,The Order: 1886,PlayStation 4,6.5,Action,2015,2,19
Good,The Park,Xbox One,7,Adventure,2016,5,4
Good,The Park,PlayStation 4,7,Adventure,2016,5,4
Good,The Park,PC,7,Adventure,2016,5,4
Amazing,The Room Three,iPhone,9,Puzzle,2015,12,15
Good,The Sims 4,PC,7.5,Simulation,2014,9,2
Great,The Sly Collection,PlayStation Vita,8.1,Platformer,2014,5,30
Great,The Talos Principle,PC,8.3,"Puzzle, Adventure",2014,12,9
Bad,The Technomancer,PC,4.9,RPG,2016,6,28
Good,The Turing Test,PC,7,Puzzle,2016,8,31
Great,The Vanishing of Ethan Carter,PlayStation 4,8.5,Adventure,2015,7,24
Great,The Vanishing of Ethan Carter,PC,8.5,Adventure,2014,10,2
Good,The Walking Dead: Michonne -- Episode 1: In Too Deep,PC,7,Adventure,2016,2,23
Good,The Walking Dead: Michonne -- Episode 2: Give No Shelter,PC,7.2,Adventure,2016,4,1
Okay,The Walking Dead: Michonne -- Episode 3: What We Deserve,PC,6.3,Adventure,2016,4,27
Amazing,The Walking Dead: Season Two -- Episode 2: A House Divided,Xbox 360,9.5,Adventure,2014,3,4
Amazing,The Walking Dead: Season Two -- Episode 2: A House Divided,iPhone,9.5,Adventure,2014,3,4
Amazing,The Walking Dead: Season Two -- Episode 2: A House Divided,PC,9.5,Adventure,2014,3,4
Amazing,The Walking Dead: Season Two -- Episode 2: A House Divided,PlayStation Vita,9.5,Adventure,2014,3,4
Amazing,The Walking Dead: Season Two -- Episode 2: A House Divided,PlayStation 3,9.5,Adventure,2014,3,4
Amazing,The Walking Dead: Season Two -- Episode 3: In Harm's Way,PC,9,Adventure,2014,5,13
Okay,The Walking Dead: Season Two -- Episode 4: Amid the Ruins,Xbox 360,6,Adventure,2014,7,23
Okay,The Walking Dead: Season Two -- Episode 4: Amid the Ruins,PC,6,Adventure,2014,7,23
Amazing,The Walking Dead: Season Two -- Episode 5: No Going Back,PlayStation Vita,9.5,Adventure,2014,8,26
Amazing,The Walking Dead: Season Two -- Episode 5: No Going Back,iPhone,9.5,Adventure,2014,8,26
Amazing,The Walking Dead: Season Two -- Episode 5: No Going Back,PlayStation 3,9.5,Adventure,2014,8,26
Amazing,The Walking Dead: Season Two -- Episode 5: No Going Back,Xbox 360,9.5,Adventure,2014,8,26
Amazing,The Walking Dead: Season Two -- Episode 5: No Going Back,PC,9.5,Adventure,2014,8,26
Mediocre,The Witch and the Hundred Knight,PlayStation 3,5.8,"Action, RPG",2014,3,4
Amazing,The Witcher 3: Wild Hunt,Xbox One,9.3,RPG,2015,5,12
Amazing,The Witcher 3: Wild Hunt,PlayStation 4,9.3,RPG,2015,5,12
Amazing,The Witcher 3: Wild Hunt,PC,9.3,RPG,2015,5,12
Amazing,The Witcher 3: Wild Hunt -- Blood and Wine,PC,9,RPG,2016,5,25
Amazing,The Witcher 3: Wild Hunt -- Hearts of Stone,PC,9,RPG,2015,10,9
Okay,The Witcher Adventure Game,Android,6.9,Board,2014,12,18
Okay,The Witcher Adventure Game,PC,6.9,Board,2014,12,18
Okay,The Witcher Adventure Game,Macintosh,6.9,Board,2014,12,18
Okay,The Witcher Adventure Game,iPad,6.9,Board,2014,12,18
Bad,The Witcher Battle Arena,iPhone,4.5,Strategy,2015,1,28
Masterpiece,The Witness,PlayStation 4,10,Puzzle,2016,1,25
Masterpiece,The Witness,PC,10,Puzzle,2016,1,25
Masterpiece,The Witness,Xbox One,10,Puzzle,2016,1,25
Great,The Wolf Among Us: Episode 2 -- Smoke and Mirrors,PC,8.5,Adventure,2014,2,5
Great,The Wolf Among Us: Episode 2 -- Smoke and Mirrors,Xbox 360,8.5,Adventure,2014,2,5
Great,The Wolf Among Us: Episode 2 -- Smoke and Mirrors,PlayStation 3,8.5,Adventure,2014,2,5
Amazing,The Wolf Among Us: Episode 3 -- A Crooked Mile,PlayStation 3,9.2,Adventure,2014,4,8
Amazing,The Wolf Among Us: Episode 3 -- A Crooked Mile,PC,9.2,Adventure,2014,4,8
Amazing,The Wolf Among Us: Episode 3 -- A Crooked Mile,Xbox 360,9.2,Adventure,2014,4,8
Okay,The Wolf Among Us: Episode 4 -- In Sheep's Clothing,PC,6,Adventure,2014,5,27
Amazing,The Wolf Among Us: Episode 5 -- Cry Wolf,Xbox 360,9.3,Adventure,2014,7,8
Amazing,The Wolf Among Us: Episode 5 -- Cry Wolf,PC,9.3,Adventure,2014,7,8
Great,Theatrhythm Final Fantasy: Curtain Call,Nintendo 3DS,8.5,"Music, RPG",2014,9,12
Okay,Thief,Xbox 360,6.5,"Adventure, Adventure",2014,2,26
Okay,Thief,PlayStation 3,6.5,"Adventure, Adventure",2014,2,26
Okay,Thief,PlayStation 4,6.8,"Adventure, Adventure",2014,2,24
Okay,Thief,PC,6.8,"Adventure, Adventure",2014,2,24
Okay,Thief,Xbox One,6.8,"Adventure, Adventure",2014,2,24
Great,This War Of Mine,PC,8.4,Strategy,2014,11,25
Amazing,Threes,iPhone,9.3,Puzzle,2014,12,9
Amazing,Threes,Xbox One,9.3,Puzzle,2014,12,9
Amazing,Threes,Android,9.3,Puzzle,2014,12,9
Good,Titan Attacks!,PlayStation 4,7.5,Shooter,2014,5,12
Good,Titan Attacks!,PlayStation Vita,7.5,Shooter,2014,5,12
Good,Titan Attacks!,PlayStation 3,7.5,Shooter,2014,5,12
Great,Titan Souls,PC,8,RPG,2015,4,13
Great,Titan Souls,PlayStation 4,8,RPG,2015,4,13
Great,Titan Souls,PlayStation Vita,8,RPG,2015,4,13
Great,Titanfall,PC,8.9,"Shooter, First-Person",2014,3,10
Great,Titanfall,Xbox One,8.9,"Shooter, First-Person",2014,3,10
Great,Titanfall,Xbox 360,8.9,"Shooter, First-Person",2014,3,10
Great,Titanfall (Collector's Edition),Xbox One,8.9,"Shooter, First-Person",2014,3,10
Good,Tokyo Mirage Sessions #FE,Wii U,7.6,RPG,2016,6,29
Good,Tom Clancy's Rainbow Six Siege,PlayStation 4,7.9,Shooter,2015,11,30
Good,Tom Clancy's Rainbow Six Siege,Xbox One,7.9,Shooter,2015,11,30
Good,Tom Clancy's Rainbow Six Siege,PC,7.9,Shooter,2015,11,30
Okay,Tom Clancy's The Division,Xbox One,6.7,Shooter,2016,3,17
Okay,Tom Clancy's The Division,PC,6.7,Shooter,2016,3,17
Okay,Tom Clancy's The Division,PlayStation 4,6.7,Shooter,2016,3,17
Mediocre,Tom Clancy's The Division -- Underground,Xbox One,5.8,Shooter,2016,7,6
Amazing,Tomb Raider: Definitive Edition,Xbox One,9.1,Action,2014,1,25
Amazing,Tomb Raider: Definitive Edition,PlayStation 4,9.1,Action,2014,1,25
Great,Tomodachi Life,Nintendo 3DS,8.4,Simulation,2014,6,6
Awful,Tony Hawk's Pro Skater 5,PlayStation 4,3.5,Sports,2015,10,2
Great,Total War: Attila,PC,8.1,Strategy,2015,2,12
Great,Total War: Warhammer,PC,8.6,Strategy,2016,5,19
Okay,Toukiden: The Age of Demons,PlayStation Vita,6.2,Action,2014,2,18
Great,TowerFall Ascension,PlayStation 4,8.9,Action,2014,3,25
Great,TowerFall Ascension,PC,8.9,Action,2014,3,25
Great,TrackMania Turbo,Xbox One,8.4,Racing,2016,3,24
Great,TrackMania Turbo,PlayStation 4,8.4,Racing,2016,3,24
Good,Transformers: Devastation,Xbox One,7.7,Action,2015,10,9
Good,Transformers: Devastation,PlayStation 4,7.7,Action,2015,10,9
Bad,Transformers: Rise of the Dark Spark,PlayStation 3,4.9,Action,2014,6,27
Bad,Transformers: Rise of the Dark Spark,PlayStation 4,4.9,Action,2014,6,27
Bad,Transformers: Rise of the Dark Spark,Wii U,4,Action,2014,7,1
Bad,Transformers: Rise of the Dark Spark,Xbox One,4.9,Action,2014,6,27
Bad,Transformers: Rise of the Dark Spark,PC,4.9,Action,2014,6,27
Bad,Transformers: Rise of the Dark Spark,Xbox 360,4.9,Action,2014,6,27
Amazing,Transistor,PlayStation 4,9,"Action, RPG",2014,5,20
Amazing,Transistor,PC,9,"Action, RPG",2014,5,20
Great,Trials Fusion,Xbox 360,8.2,"Racing, Action",2014,4,16
Great,Trials Fusion,PC,8.2,"Racing, Action",2014,4,16
Great,Trials Fusion,Xbox One,8.2,"Racing, Action",2014,4,16
Great,Trials Fusion,PlayStation 4,8.2,"Racing, Action",2014,4,16
Okay,Trials of the Blood Dragon,Xbox One,6.9,Racing,2016,6,17
Okay,Trials of the Blood Dragon,PlayStation 4,6.9,Racing,2016,6,17
Good,Tropico 5,PC,7.2,Strategy,2014,5,30
Great,TxK,PlayStation Vita,8.2,Shooter,2014,2,19
Amazing,Ultra Street Fighter IV,Xbox 360,9,Fighting,2014,6,3
Awful,Umbrella Corps,PlayStation 4,3.8,Shooter,2016,6,24
Amazing,Uncharted 4: A Thief's End,PlayStation 4,9,"Action, Adventure",2016,5,11
Amazing,Uncharted: The Nathan Drake Collection,PlayStation 4,9,Action,2015,9,30
Masterpiece,Undertale,PC,10,RPG,2016,1,13
Masterpiece,Undertale,Macintosh,10,RPG,2016,1,13
Good,Unepic,Wii U,7,Platformer,2014,2,4
Great,Unravel,PlayStation 4,8.3,Platformer,2016,2,8
Good,Until Dawn,PlayStation 4,7.5,Adventure,2015,8,24
Good,Valiant Hearts: The Great War,PlayStation 4,7.7,"Puzzle, Adventure",2014,6,24
Amazing,Valkyria Chronicles,PlayStation 3,9,"Action, RPG",2016,5,10
Great,Valkyria Chronicles,PC,8.8,"Action, RPG",2014,11,26
Amazing,Valkyria Chronicles Remastered,PlayStation 4,9,"Action, RPG",2016,5,10
Mediocre,Valley,PlayStation 4,5,Adventure,2016,8,24
Mediocre,Valley,Xbox One,5,Adventure,2016,8,24
Amazing,Velocity 2X,PlayStation Vita,9,Shooter,2014,9,2
Amazing,Velocity 2X,PlayStation 4,9,Shooter,2014,9,2
Great,Virginia,PC,8.5,Adventure,2016,9,22
Great,Volume,PlayStation 4,8.1,Action,2015,8,18
Great,Volume,PC,8.1,Action,2015,8,18
Awful,War of the Vikings,PC,3.5,,2014,4,23
Good,War Thunder,PlayStation 4,7.2,"Flight, Action",2014,6,20
Good,War Thunder,PC,7.2,"Flight, Action",2014,6,20
Good,War Thunder,Macintosh,7.2,"Flight, Action",2014,6,20
Good,Wargame: Red Dragon,PC,7.6,Strategy,2014,4,29
Good,Warhammer: End Times -- Vermintide,PC,7.2,Action,2015,10,29
Great,Wasteland 2,PC,8.4,RPG,2014,9,24
Great,Wasteland 2: Director's Cut,PlayStation 4,8.5,RPG,2015,10,13
Great,Wasteland 2: Director's Cut,Xbox One,8.5,RPG,2015,10,13
Good,Watch Dogs,PlayStation 3,7.5,Action,2014,5,29
Great,Watch Dogs,PlayStation 4,8.4,Action,2014,5,27
Great,Watch Dogs,Xbox 360,8.4,Action,2014,5,27
Great,Watch Dogs,Xbox One,8.4,Action,2014,5,27
Great,Watch Dogs,PC,8.4,Action,2014,5,27
Okay,Watch Dogs: Bad Blood,PC,6.8,Action,2014,10,10
Mediocre,Whispering Willows,PlayStation 4,5.8,Adventure,2015,7,2
Mediocre,White Night,Xbox One,5,Puzzle,2015,3,9
Great,Wii Sports Club,Wii U,8,"Sports, Compilation",2014,8,8
Great,Wii Sports Club (Retail Edition),Wii U,8,"Sports, Compilation",2014,8,8
Great,WildStar,PC,8.7,RPG,2014,6,26
Good,Wolfenstein: The New Order,Xbox 360,7.8,Shooter,2014,5,20
Good,Wolfenstein: The New Order,PC,7.8,Shooter,2014,5,20
Good,Wolfenstein: The New Order,PlayStation 4,7.8,Shooter,2014,5,20
Good,Wolfenstein: The New Order,Xbox One,7.8,Shooter,2014,5,20
Good,Wolfenstein: The New Order,PlayStation 3,7.8,Shooter,2014,5,20
Good,Wolfenstein: The Old Blood,PlayStation 4,7,Shooter,2015,5,8
Good,Wolfenstein: The Old Blood,Xbox One,7,Shooter,2015,5,8
Good,Wolfenstein: The Old Blood,PC,7,Shooter,2015,5,8
Great,World of Tanks,Xbox 360,8,RPG,2014,3,26
Amazing,World of Warcraft: Legion,PC,9.1,RPG,2016,9,9
Amazing,World of Warcraft: Warlords of Draenor,PC,9,RPG,2014,11,13
Great,World of Warships,PC,8.3,Strategy,2015,9,23
Good,Worms WMD,PlayStation 4,7.8,Strategy,2016,8,27
Mediocre,WWE 2K15,Xbox 360,5.9,Wrestling,2014,10,28
Good,WWE 2K15,Xbox One,7,Wrestling,2014,11,18
Good,WWE 2K15,PlayStation 4,7,Wrestling,2014,11,18
Great,WWE 2K16,PlayStation 4,8.8,Wrestling,2015,10,30
Great,WWE 2K16,Xbox One,8.8,Wrestling,2015,10,30
Amazing,XCOM 2,PC,9.3,Strategy,2016,2,1
Good,XCOM 2: Alien Hunters,PC,7.7,Strategy,2016,5,13
Great,XCOM 2: Shen's Last Gift,PC,8,Strategy,2016,7,1
Great,Xenoblade Chronicles,New Nintendo 3DS,8.7,RPG,2015,4,3
Great,Xenoblade Chronicles X,Wii U,8.2,RPG,2015,12,7
Good,Xenonauts,PC,7.8,Strategy,2014,8,7
Okay,Xeodrifter,Nintendo 3DS,6.5,"Action, Adventure",2014,12,16
Okay,Xeodrifter,PC,6.5,"Action, Adventure",2014,12,16
Bad,X-Men: Battle of the Atom,iPhone,4,"Card, Battle",2014,1,17
Mediocre,Yaiba: Ninja Gaiden Z,Xbox 360,5.6,Action,2014,3,18
Mediocre,Yaiba: Ninja Gaiden Z,PlayStation 3,5.6,Action,2014,3,18
Good,Yo-Kai Watch,Nintendo 3DS,7.2,RPG,2015,11,4
Good,Yoshi's New Island,Nintendo 3DS,7.9,Platformer,2014,3,13
Good,Yoshi's Woolly World,Wii U,7.4,Platformer,2015,6,22
Amazing,Zero Time Dilemma,Nintendo 3DS,9.2,Adventure,2016,6,29
Amazing,Zero Time Dilemma,PlayStation Vita,9.2,Adventure,2016,6,29
Good,Zombi,Xbox One,7.5,Shooter,2015,8,20
Good,Zumba Fitness World Party,Xbox One,7.2,"Sports, Other",2014,1,10
